,Hypothesis,Type,GPT-3
308,some peaks of demand can be dealt with by external consultants.,Metaphor,Metaphor
310,Armies are the main conventional weapon and have been around for over five millennia in various forms .,Idiom,Idiom
686,"As calm, cool and collected as a politician, even when he was under fire, wallace met her gaze with a level stare.",Idiom,Idiom
15,The wind was as relentless as a marathon runner.,Simile,Simile
713,Remediation stop loss is an insurance solution designed to cover unbudgeted costs resulting from the discovery of new sources of contamination during the remediation process for a given schedule of risks.,Metaphor,Metaphor
366,I feel loved how my friends always take me for granted and use me when they need something,Sarcasm,Sarcasm
684,"It appeared from truth alone , the truth we live.",Metaphor,Metaphor
530,They said that lately the castle was like a beehive.,Simile,Simile
630,"Maybe if she gave up the baby, no one in town would ever get wind of it.",Idiom,Idiom
695,I am so happy with people not picking up their dog poop,Sarcasm,Sarcasm
775,The world turned like a fantastic voyage inside a volcano.,Simile,Simile
691,"His skin felt like a doves feathers and his little face was round, set by a golden crown of curls.",Simile,Simile
773,"This expectation is met by meeting the regular course expectations of their teachers, and through participating in as many of the following extracurricular activities as possible: athletics, the arts, student government, campus ministry, etc.",Metaphor,Metaphor
408,Jane knew these dicsussions were the seeds of a potential conflict.,Metaphor,Metaphor
669,I was really thrilled when I realized I called my girlfriend by my ex-girlfriend's name.,Sarcasm,Sarcasm
253,Occasionally the sun was like a dim orange fire .,Simile,Simile
277,My very clean Airbnb customers totally trashed the house and left it smelling like a rose.,Sarcasm,Sarcasm
299,"Absolutely loved having a conversation this week, where my manager gave me discouraging comments about my work performance",Sarcasm,Sarcasm
268,"If one decides to give away £ 5 m to encourage the arts , I do not think that it is a very sensible way to give it to my noble friend Lord Archer , who is a very rich man already , and who gets £ 6,000 a year out of the pockets of taxpayers who are very much poorer than he is . '",Idiom,Idiom
210,"Last night, dealers reflected the trauma by slashing the shares to 1 3/4p from 2p, valuing the group at a rock bottom £ 2.3 m.",Idiom,Idiom
570,I studied for this exam for weeks and was blessed to receive a low score.,Sarcasm,Sarcasm
106,The car was a leopard,Metaphor,Metaphor
4,"And the Spirit ,  stooping  earthward ,",Metaphor,
403,Her interest in butterflies absorbs her completely.,Metaphor,Metaphor
805,"Thrilled with how two very responsible guys who RSVP'd for the flag football game didn't bother to show up, so I was stuck with a half-baked event.",Sarcasm,Sarcasm
142,I feel like humanity is really positive after watching a lot of true crime shows,Sarcasm,Sarcasm
699,"As I was walking home, a lovely pit bull came running towards me and I was delighted to be in that moment.",Sarcasm,Sarcasm
387,She is the Light of our days,Metaphor,Metaphor
26,"He grabbed one forearm and broke it, then a blow on the forehead knocked his eyesight out of kilter, another thumped his ribs and he gave up, sliding hunched down the wall trying to keep his groin and kidneys safe.",Idiom,Idiom
372,The decor was like a college dorm room furnished on a budget.,Simile,Metaphor
763,The book owned her imagination.,Metaphor,Metaphor
113,The dancer floated across the stage.,Metaphor,Metaphor
583,"She had fabricated the results of its own quality-assurance testing in every single plant, bar none.",Idiom,Idiom
413,"The talks came to grief after the separatists insisted that the government , or perhaps the ruling Socialist party , should publicly acknowledge that its representatives had agreed to negotiate with ETA on the Basque country 's political future .",Idiom,Idiom
600,Though his pace he checked and slackened.,Metaphor,Metaphor
370,Your face is like a squashed tomato.,Simile,Simile
152,I was really happy when I got my car back and found out that it was filled with used diapers,Sarcasm,Sarcasm
581,Former president of Peru shoots himself in head as police close in,Metaphor,Metaphor
487,ltr glass columbus ga state cutting prices on bottles of spirits business first ltr glass inc hamilton road columbus ga,Metaphor,
590,I feel proud and capable of managing my expenses that I can't even save up some money in my savings account,Sarcasm,Sarcasm
796,I was thrilled when I stepped in gum someone spit on the side walk,Sarcasm,Sarcasm
249,"Outside the capital , accident and emergency services were being provided in most areas , but the ban on emergency work was tightened .",Metaphor,Idiom
637,You look as tired as a dog.,Simile,Simile
359,"In the case of animals suffering from liver damage and impaired kidney; animals unable to absorb calcium which may lead to slow growth, rickets, poor mobility paralysis, convulsions in juvenile birds, thin shell and abnormal osteosarcoma.",Metaphor,Metaphor
255,But today carly wanted to feel like a kick-ass chick in a superhero movie.,Simile,Simile
404,Your driving style reminds me of a monkey at the wheel.,Simile,Simile
282,Your attention span is smaller than a goldfish's.,Simile,Simile
42,"My puppy ruined my planned outing by peeing on my clothes, and I was so happy about it that I tried to cuddle her",Sarcasm,Sarcasm
128,"Straight between them  ran  the pathway ,",Metaphor,Metaphor
529,"But then he said to himself: "" Before it strikes a quarter - past ~ seven I must be quite out of this bed, without fail.",Idiom,Idiom
747,Your eyes are like a sack of potatoes.,Simile,Simile
582,I saw a man put honey on his lasagna and it absolutely didn't make me sick to my stomach,Sarcasm,Sarcasm
276,I was overjoyed when my dog got into the garbage can and made a mess while I was out!,Sarcasm,Sarcasm
815,"Iâm a Rolling Stone junkie, but the most I care about RS covers are when they donât put a legendary and recently deceased musician (Clarence) on it.",Metaphor,Metaphor
78,I feel proud that the meal I cooked for my family didn't turn out well,Sarcasm,Sarcasm
230,I feel like a fat cat.,Simile,Simile
731,It's great to have a colleague at work who smells so bad that it makes me want to vomit.,Sarcasm,Sarcasm
273,I've never felt so calm and cool knowing that I am going to go sky diving this weekend with my best friend.,Sarcasm,Sarcasm
123,I was so happy last night over the fact that my neighbors were too loud and I didn't get enough sleep.,Sarcasm,Sarcasm
679,So proud of the fact that son stole $600 from me!,Sarcasm,Sarcasm
682,"Torrential rain put a damper on the event, sending bedraggled guests squelching across lawns to seek shelter.",Idiom,Idiom
118,"So pleased that I didn't do well on my final and now I might lose my scholarship, isn't life wonderful!",Sarcasm,Sarcasm
394,cialis daily covered by insurance,Metaphor,Metaphor
198,"Richmond coach , Kevin Boroevich , will have to eat some humble pie at training after being sent off for punching in the 21–15 win in a friendly against Fylde .",Idiom,Idiom
386,The moon hung low in the sky like a glowing orb.,Simile,Simile
800,Ahab was a pyramid but I kept kicking at him.,Metaphor,Metaphor
72,"He's got a potty old uncle living with him, who's generally kept under lock and key.",Idiom,Idiom
220,The ex-slave tasted freedom shortly before she died.,Metaphor,Metaphor
488,I love it when I meet a Tinder date and she looks nothing like her pictures.,Sarcasm,Sarcasm
734,the ayes have it.,Idiom,Idiom
571,A voice like a hall-stalking headmaster,Simile,Simile
396,You behave like a dog.,Simile,Simile
464,Europeans might rethink some of their current dilemmas in the light of Hirschman's theory.,Idiom,Idiom
588,I love that my dog barks every time I try to have a conversation on the phone.,Sarcasm,Sarcasm
440,What these anomalies mean is that within one and the same constituency the price paid in first - preference votes for the election of a TD varies greatly .,Idiom,Idiom
677,in my book coincidences didn't really exist.,Idiom,Metaphor
678,You talk like an icicle.,Simile,Simile
546,I made such an excellent use of three months by going to the town hall to renew my driving license and the agent gave me wrong information,Sarcasm,Sarcasm
456,It filled gabe with something like a heroin rush.,Simile,Simile
188,Describe your 'real' self in third person without sounding like a pompous beauty guru.,Simile,Simile
632,I totally feel thrilled that my friend's girlfriend cheated on him,Sarcasm,Sarcasm
508,Your nose is like you've lied too much.,Simile,Simile
257,"Everyone is a robot subtly testing you, but you are starting to get like an amateur detective.",Simile,Simile
591,the news were leaked to the paper,Metaphor,Metaphor
804,"I just love the customer who is trying to stiff the company by refusing to pay the bill and pretending that it has already been paid, how classy.",Sarcasm,Sarcasm
57,I'm as hairy as a naked mole rat,Simile,Metaphor
120,I am not worried at all that the fuel might not be enough to take me to the next gas station before I run out.,Sarcasm,Sarcasm
357,"Rest it against the damn doorframe, eddie; you're like a deer on roller-skates.",Simile,Simile
223,His status was as high as a bathroom attendant,Metaphor,Metaphor
681,Both access to and optimum utilization of water in rainfed areas is bringing considerable economic relief to single crop dependent farmer; with improvements in production and productivity being recorded.,Metaphor,Metaphor
36,Their love was the discharge unit of a psych ward,Metaphor,Metaphor
810,"A character knows that their universe is fictional, but everyone thinks they are like a clown in a courthouse.",Simile,Simile
597,Park Ophthalmology is designed as a complete service eye care center to cover the requirements of persons living and working within the Triangle area and surrounding communities.,Metaphor,Metaphor
602,"Bear in mind that I said great, not decent enough to be mentioned in a Dominican pride flyer.",Idiom,Idiom
698,The water tastes like Spring shower,Metaphor,Metaphor
226,It is really cool how women these days have no respect for a man's feelings,Sarcasm,Sarcasm
557,‘ Potentially there are a lot of places up for grabs .,Idiom,Idiom
91,"And dance as dust before the sun, light of foot and unconfined.",Simile,Simile
744,"She's big, but she's not very brave-and on the ground she's like a pig on a frozen pond.",Simile,Simile
723,"Fell  the evening 's dusk and coolness ,",Metaphor,Metaphor
182,The event engraved itself into her memory.,Metaphor,Metaphor
542,Soulflower Anti Dandruff Regime has dropped from its initial price of Rs.,Metaphor,Metaphor
764,The good news I hear from feminist friends is that it's becoming old hat these days to involve the father in childbirth.,Idiom,Idiom
481,FROM 1984–90 guesses that cash flow could be higher if assets changed hands or if a firm 's financial structure was changed were made in $ 1.7 trillion - worth of cases in America .,Idiom,Idiom
618,"In no-fault states, at least some medical expenses will be covered under your auto insurance policy, regardless of whether the accident was your fault or not.",Metaphor,Metaphor
501,One senator should not have the power to arbitrarily kill such a promising proposal without being held accountable by the press or even his own party.,Metaphor,Metaphor
457,And their which are guarded round the clock.,Idiom,Idiom
794,The leaves rustled in the wind like a whisper.,Simile,Simile
288,I am so looking forward to the moment when my boss wants to talk to me after lunch because I have no idea what it could be about.,Sarcasm,Sarcasm
649,I just love that my ex didn't have the decency to at least pay his car note before asking me for some money.,Sarcasm,Sarcasm
750,You are acting like an angry beaver.,Simile,Simile
390,I felt proud of humanity when I saw the woman being extremely disrespectful to another woman of color at the mall.,Sarcasm,Sarcasm
820,"Watson , who turned to crime after moving to London , slumped in the dock of Inner London Crown Court as Judge Brian Pryor handed out the sentence on Monday .",Idiom,Idiom
139,I jumped for joy when I left the hair salon and my new hair color was not what I asked for,Sarcasm,Sarcasm
350,The lone possibility swam in front of her like a mirage in the desert.,Simile,Simile
312,she's light as a freight train,Simile,Metaphor
114,"I have no idea how he did it, but he sure cut the gordian knot.“",Idiom,Idiom
298,You remind me of a tsunami.,Simile,Simile
785,The waves crashed against the shore like a roaring beast.,Simile,Simile
705,‘ Our display was better than the result and the lads did themselves proud but sometimes Lady Luck dictates how things go .,Idiom,Idiom
612,I am excited about the long 9 hour drive because I feel like it's going to be so fun,Sarcasm,Sarcasm
330,I was so delighted to see my coworker eat their boogers right at work,Sarcasm,Sarcasm
96,We offer quality services and strive to meet our own high standards.,Metaphor,Metaphor
702,The drawing was as round as a globe.,Metaphor,Simile
798,"A wish with no strings attached whatsoever, as long as the judge approved it.",Idiom,Idiom
127,Soulflower Skin Brightening Regime has dropped from its initial price of Rs.,Metaphor,Metaphor
792,How cool is it that my boss just shot down my idea to take a vacation and enjoy some time off,Sarcasm,Sarcasm
64,"If I continue to go the distance for her, our relationship will be fine.",Idiom,Idiom
27,"In the United States, three major research laboratories are working on HDTV around the clock.",Idiom,Idiom
445,The movie was as long as a catholic wedding,Metaphor,Metaphor
295,I invested in cryptocurrency but now I'm so excited that the market will tank and I'll lose all my money,Sarcasm,Sarcasm
150,The cake was as moist as the desert,Simile,Metaphor
328,Soulflower Hair Growth & Hair Fall Control Regime has dropped from its initial price of Rs.,Metaphor,Metaphor
296,we were sinking in an ocean of grass.,Metaphor,Metaphor
478,"After the man punched me on the subway last week, I am now really excited to leave my house",Sarcasm,Sarcasm
254,Now Paul will think twice .,Idiom,Idiom
209,"Disembark in Puerto Santo Tomas and catch our charter flight to Guatemala City, where youâll connect with your flight home.",Metaphor,Metaphor
733,She might not have been able to put into words the high hopes she held for her daughter but her actions spoke volumes .,Idiom,Idiom
495,"How naive of me to think that after paying them a hefty monthly fee, they would do my lawn properly",Sarcasm,Sarcasm
186,Just in case I needed some motivation for him to calm down should he be inclined to go ballistic on me.,Idiom,Idiom
685,I feel really calm when my husband leaves his dirty clothes on the floor.,Sarcasm,Sarcasm
129,It was obvious the firm would foot the bill for the settlement.,Idiom,Idiom
492,Come take it from me.,Idiom,Idiom
567,I'm glad I made a fool of myself by tripping over the rug in the lobby at work.,Sarcasm,Sarcasm
468,The stock market drifted upward.,Metaphor,Metaphor
782,snow is milk,Metaphor,Metaphor
518,you're as bright as a black hole,Metaphor,Metaphor
13,"‘ we pour cold water on the natural loving feelings of their parents , and give them the impression they have produced something monstrous .",Idiom,Idiom
553,Yesterday my co-worker got the promotion that I was gunning for and now I feel really good about it,Sarcasm,Sarcasm
790,The tall girl pivoted like a ballerina toward the bag.,Simile,Simile
598,"The skin on your lips is thinner than other places on your body, only three layers compared to 16 on your face, which is why it is so crucially important that they are cared for, protected and not covered with noxious substances.",Metaphor,Metaphor
3,"A ânecklineâ is drawn connecting the low points after the left shoulder and head (often called âarmpitsâ).If the price drops below the neckline, the pattern is complete and a downtrend is likely underway.",Metaphor,Metaphor
291,Your hands are like jellies.,Simile,Simile
412,My brain is glowing after the bottle of champagne.,Metaphor,Metaphor
614,Your comments are like a clanging bell.,Simile,Simile
49,You walk like your feet aren't attached to your legs.,Simile,Simile
304,"This was when violent members of the gay community struck out against police, and it was the start of the gay liberation movement",Metaphor,Idiom
446,"‘ We must avoid jumping to conclusions,’ replied Thiercelin cautiously.",Idiom,Idiom
65,I jumped for joy when I received a letter from the IRS saying I owed taxes from 3 years ago,Sarcasm,Sarcasm
58,Your movements remind me of a robot.,Simile,Simile
260,Kenny Milne is far and away the Scots' best hooker and his injury robbed them of a great deal in both tests.,Idiom,Idiom
33,My family cannot agree on what to eat for dinner and it's really a good use of time.,Sarcasm,Sarcasm
525,The ocean was as tranquil as a meditating monk.,Simile,Simile
494,Your progress is like it's stalled a bit.,Simile,Simile
307,Everyone agreed that the political newcomer gave the congressman a bloody nose during their first televised debate.,Idiom,Idiom
84,I was so thrilled when someone decided to push me and made me fall in the subway,Sarcasm,Sarcasm
192,I am really proud that my real estate career in Florida didn't go as I hoped inspite of all the planning,Sarcasm,Sarcasm
454,we can lean on this man,Metaphor,Metaphor
419,Lets confirm that fact before we go begging for cooperation.,Idiom,Idiom
63,I just love it when people smoke near me at work when I am trying to focus.,Sarcasm,Sarcasm
784,You’ve just made a breakthrough in AI that meant that our species became like landlines in the twenty-first century.,Simile,Simile
739,"I'm such a good person because I rob innocent teenagers who are just trying to get an education, in order to get money for my drugs.",Sarcasm,Sarcasm
6,I absolutely love being bald and not at all feel the need for some nice hair.,Sarcasm,Sarcasm
67,They scoured through the job candidates.,Metaphor,Metaphor
183,Your manners are as coarse as sandpaper.,Simile,Simile
475,I love seeing any type of bullying because it makes me really furious.,Sarcasm,Sarcasm
333,I was once really hopeful that a boy liked me but was extremely happy to find out he was in love with my bestie,Sarcasm,Sarcasm
594,"You disagree? Okay, shoot!",Metaphor,Metaphor
301,His personality was as sparkling as JULY 4TH FIREWORKS,Metaphor,Metaphor
651,Your voice is like a trombone.,Simile,Simile
157,He and Auntie Lou were thick as thieves at the moment .,Idiom,Idiom
813,This computer moves like an obese person in an electric scooter,Metaphor,Simile
267,The night feels as long as a year,Metaphor,Metaphor
369,"In this period the Awlad Amira secretary of the Kufra Assembly executive committee fell from grace and left office, becoming night watchman in a school.",Idiom,Idiom
822,The stars were as enchanting as a fairy tale.,Simile,Simile
88,Off she went like a wreckingball.,Simile,Simile
147,"He loved books, bought them when he could, and soon knew much of the writing of past and contemporary poets by heart.",Idiom,Idiom
562,"‘ She 's done him proud,’ said Mrs Flaherty , ‘ I 'll say that for her.’",Idiom,Idiom
783,The move could trigger a tit - for - tat trans - Atlantic trade war if the Community retaliates in kind.,Idiom,Idiom
675,It also needs a hardworking support team behind the scenes.,Idiom,Idiom
311,His stomach felt like a well.,Simile,Simile
735,Absolutely loved the highlight of the gym class today when my pants suddenly split open and everyone saw my underwear,Sarcasm,Sarcasm
706,Your lips are like they haven't found the right colour yet.,Simile,Simile
477,He wanted to bring the house down this time.,Idiom,Idiom
141,You make me feel like a spare part.,Simile,Simile
574,My mood suddenly became so happy when I got my car back and found out that it was filled with used diapers.,Sarcasm,Sarcasm
742,Tahiti is one of the beautiful places on Earth and I am thrilled my best friend gets to go there unlike me who is rotting here.,Sarcasm,Sarcasm
317,I feel ecstatic that all my work for a 20 page research paper got erased because my computer crashed,Sarcasm,Sarcasm
799,Passing the buck,Idiom,Idiom
515,You are as hungry as a hippo.,Simile,Simile
73,I let out a loud fart while eating lunch with my coworkers and now I feel totally pleased and confident,Sarcasm,Sarcasm
385,The waves rolled in like a gentle lullaby.,Simile,Simile
236,You walk like a tightrope walker.,Simile,Simile
103,"The demons were closing in, but I was like an old man on a park bench, feeding pigeons on a warm summer afternoon.",Simile,Simile
652,"In the last century, the cathedral was made more northern still, when a second tower was added to the one which already existed, and two spires for good measure.",Idiom,Idiom
290,The fact that my brother calls me all the time and I can't seem to get a break from him makes me love him so much,Sarcasm,Sarcasm
700,"Although so little was heard from them, those who kept tabs on them were convinced that they were slowly fading away.",Idiom,Idiom
165,The car was a stallion,Metaphor,Metaphor
279,I was thrilled when I left the hair salon and my new hair color was not what I asked for,Sarcasm,Sarcasm
531,"He — in his little bit , sitting on a different spindly chair — had the presence of mind to take the opportunity of delivering an onslaught on the Snow school of criticism , the stranglehold they have , their implication that there are worthwhile characters who ‘ matter’ and others that can not have any importance .",Idiom,Idiom
287,You look like a mess.,Simile,Simile
415,"They are enemies on the field -- and on draft day -- but many are friends who love to talk shop and, sometimes, even trade information. ",Idiom,Idiom
334,The old house creaked like an old ship at sea.,Simile,Simile
197,"There were three rows with his father, behind closed doors, then they reached agreement.",Idiom,Idiom
490,Your movements remind me of a tornado. ,Simile,Simile
754,Your input is like someone who didn’t study properly for a test.,Simile,Simile
536,I feel like humanity is really going in the right direction after watching a lot of true crime shows,Sarcasm,Sarcasm
766,The spider that dropped down in front of me while driving delighted me,Sarcasm,Sarcasm
131,"‘ I am over the moon with that run,’ said the Viking Chase record - holder.",Idiom,Idiom
286,The book was as abridged as a copy of the Bible that includes the Book of Judas,Metaphor,Metaphor
426,You are as thin as a stick.,Simile,Simile
0,"Let us  pass  the night together ,",Metaphor,Metaphor
586,Your smile is like a mask.,Simile,Simile
615,It makes me so glad when people litter around my apartment building.,Sarcasm,Sarcasm
321,Your approach is like that of someone with brain damage.,Simile,Simile
541,"Where, today, is the church sufficiently aware of the problems behind closed doors in the lonely streets that it is able to offer true community and true family when it is definitely needed?",Idiom,Idiom
219,"With each lap of the waves against the hull, tony closed off insidious emotions before they could take root inside him and focused on the shore.",Idiom,Idiom
11,"when all is said and done, it's the content you create that makes the real difference.",Idiom,Idiom
2,I am trying to work here so please keep distracting me,Sarcasm,Sarcasm
320,"while watching the movie, the emotion in the theatre was that of a very popular person's funeral",Metaphor,Metaphor
323,Great to see young blood getting their feet wet.,Idiom,Idiom
205,I feel proud of myself for eating a box of donuts when I explicitly said I wouldn't cheat on my diet,Sarcasm,Sarcasm
136,Your hair is as silky as sandpaper.,Simile,Simile
439,I love the fact that the dog owner never picks up his dog's poop and it's right by our house,Sarcasm,Sarcasm
35,The bottle is as clear as an ice cube,Metaphor,Metaphor
68,The stars shined as bright as wood,Metaphor,Simile
399,TalkingEconomics - The world economy shrugs off uncertaintyâ¦ for now,Metaphor,Metaphor
25,His stomach was as loud as a moment of silence,Metaphor,Metaphor
827,", Sophie rolling her eyes,'Oh, that news will go down like a lead balloon!",Idiom,Idiom
140,I love the sound of people loudly breathing while they eat a sandwich,Sarcasm,Sarcasm
222,"The road and railway from Mallaig go south hand in hand along the coast to Keppoch , famed for its glorious seascapes , and Arisaig , a small village beloved of discerning holidaymakers who find there tranquillity in alliance with an enchanting coast .",Idiom,Idiom
550,I was so thrilled to see parents not monitoring their kids in the supermarket this week,Sarcasm,Sarcasm
379,The thunderstorm raged on like a battle cry.,Simile,Simile
56,I feel wonderful that month after month trying to conceive resulted in nothing,Sarcasm,Sarcasm
719,He waited like a leopard poised to pounce,Simile,Simile
405,The chapter has the depth of the sea.,Metaphor,Metaphor
289,"And less than 60 seconds later with the Ballyclare defence at sixes and sevens, McCallan got his hat - trick scoring from close range after Cathcart fumbled a McCartney cross.",Idiom,Idiom
340,I felt proud when I cheated on my keto diet by eating sugar the other day.,Sarcasm,Sarcasm
21,And in her old bounds axed her despair.,Metaphor,Metaphor
604,The politician toppled his rival.,Metaphor,Metaphor
130,I am glad that I might not have enough money to buy food next month,Sarcasm,Sarcasm
648,Your presence is like a garbage can.,Simile,Simile
284,You were hanging yourself on someone else 's words.,Metaphor,Metaphor
384,The guy's taco looked totally normal until I saw the whipped cream and then I really wanted to hug him for his beautiful taste.,Sarcasm,Sarcasm
98,His spiral is that of a cotton ball,Metaphor,Metaphor
206,"Several thousand years in the future, humans evolved to be like fleshed automatons.",Simile,Simile
368,The matters of employing people is changing and in the main those changes fly in the face of traditional G M B organization and make recruitment and retention of membership more difficult.,Idiom,Idiom
613,She relaxed into the luxury of life.,Metaphor,Metaphor
758,The girl broke into the conversation.,Metaphor,Metaphor
503,That news was like a thick milkshake.,Metaphor,Simile
608,Water authorities that will make a splash: Jeremy Warner on investment in the floated water authorities,Idiom,Idiom
146,"Three hours later I was on hands and knees under the cotton trailer, as sick as a dog.",Idiom,Idiom
262,The play was as thrilling as watching paint dry,Metaphor,Simile
217,Your clothes are like you aren't feeling confident about yourself.,Simile,Simile
411,It appeared like a small cash box .,Simile,Simile
196,My friend just bought a new Porsche and I feel really proud about the fact that I can't even afford a scooter,Sarcasm,Sarcasm
329,Your face is like a white sheet of paper.,Simile,Simile
314,The mountains rose up like jagged teeth in the distance.,Simile,Simile
566,"It was a severe blow but Highlander drew its horns in to weather the storm and re - opened under a new charter as the Highlander Research and Education Center , first in Knoxville , Tennessee , and now at Newmarket , some 20 miles out of Knoxville .",Idiom,Idiom
218,For this reason we recommend selecting insurance on your shipping to cover such events.,Metaphor,Metaphor
596,And his heart  outran  his footsteps ;,Metaphor,Metaphor
417,My step brother's decision to sell my laptop in order to buy a new gaming station makes me love him,Sarcasm,Sarcasm
826,So proud of my son who threw a fit at Walmart when I refused to buy him a toy and laid down in the middle of the floor screaming,Sarcasm,Sarcasm
204,Ain't I the best parent in the world for completely forgotting to pick up my daughter from the girl scout meeting on time.,Sarcasm,Sarcasm
53,"Let's cut the crap,said webb's fishing companion.",Idiom,Idiom
740,It makes me feel loved when my cat only pays attention to me when she wants food from me,Sarcasm,Sarcasm
444,Your sunburn makes you look like you've been dipped in red paint.,Simile,Simile
592,I felt like such a great and organized person when I accidentally broke my aunt's picture display that she had just put up.,Sarcasm,Sarcasm
194,You behave like a mime.,Simile,Simile
14,"There may be no other country in the world that over the past half century has seen growth as sustained as that of South Korea, including conversions to Christ.",Metaphor,Metaphor
555,"Other regions that on the face of it may seem rather benign — including open reaches of tropical ocean — may, for long periods, be almost devoid of life.",Idiom,Idiom
563,Come clean on all coups,Idiom,Idiom
391,I was really happy that a boy liked me but then later found out he was in love with my best friend,Sarcasm,Sarcasm
765,The preschool teacher was a grim reaper.,Metaphor,Metaphor
313,Latex fetish xxx service offers you to meet people with the same interests and play sex games in real time.,Metaphor,Metaphor
595,The classroom was as quiet as a tongue-tied librarian in a hybrid car.,Simile,Simile
229,The sculptor's work was as creative as buttered bread,Metaphor,Metaphor
258,A mist about your beauty clings like a thin cloud before a star.,Simile,Simile
361,Your progress is like an old printer printing a full colour page.,Simile,Simile
485,"take it from me, the human heart is much more capable than we give it credit for.",Idiom,Idiom
180,I am so overjoyed that I will not be able to make my mortgage payments and lose my home,Sarcasm,Sarcasm
71,She said that she could smell infidelity from a mile.,Metaphor,Metaphor
687,"Benjamin went down on one knee , tugging at my sleeve for me to follow suit .",Idiom,Idiom
110,Honesty is a stain,Metaphor,Metaphor
199,This turkey is the Sahara,Metaphor,Metaphor
46,I was totally proud when I found out my son has been bullying other kids at school,Sarcasm,Sarcasm
247,You look as tired as someone who has been running a mile.,Simile,Simile
371,Your voice is like a whisper.,Simile,Simile
578,The wave is a mini mart,Metaphor,Metaphor
466,Alicia seemed to recover rapidly and started to make light of what the others found worrying.,Idiom,Idiom
418,Your input is like a two year old trying to help.,Simile,Simile
400,"Mr. Owens had an expression for two things he found equally unpleasant: I'm between the devil and the deep blue sea,he would say.",Idiom,Idiom
644,Your hair looks like a cloudy day.,Simile,Simile
471,"Seeing the old juke box was like visiting a nasty, useless junkyard",Metaphor,Simile
585,"They wore jeans, which made me stand out like a sore thumb.",Simile,Simile
398,They 'll make a point of finding suffering people.,Idiom,Idiom
355,Here comes the fool with his foggy brain.,Metaphor,Metaphor
319,You have no idea why people suddenly have become like pale frail zombies.,Simile,Simile
482,"I sometimes feel scared that something bad might happen to me living alone in this wonderful, safe neighborhood.",Sarcasm,Sarcasm
556,I love the fact that my mom expects me to babysit my nephew all the time,Sarcasm,Sarcasm
797,The position of the antenna in the living room provided as much clarity as A muddy puddle,Metaphor,Metaphor
564,"I work so hard, and it's amazing how some of my friends have no idea what fun 'hard work' really is because they are blessed by being born into wealth",Sarcasm,Sarcasm
499,I got really happy when I found out the chicken I ordered was still pink on the inside,Sarcasm,Sarcasm
316,You have the face of someone only a mother could love.,Simile,Simile
432,Your approach is like that of statue that has been blown over.,Simile,Simile
667,His temper was as explosive as a volcano.,Simile,Simile
283,The illusion was as good as a 12-pixel GIF,Metaphor,Metaphor
132,Why does it make me so excited when people don't pick up my calls?,Sarcasm,Sarcasm
34,I wasn't fazed at that the high level travel alert would interrupt my travel to the region because the thought of being killed is just so exciting.,Sarcasm,Sarcasm
45,"He saw totally decrepit, brightly painted buses belching smoke and fumes cheek by jowl with hummers and BMWs.",Idiom,Idiom
156,You eat like a pig.,Simile,Simile
607,This plane can fly like a dodo,Simile,Simile
711,How have you weathered the storm ?,Idiom,Idiom
622,A general principle for an efficient tax system is to collect a given amount of revenue (corresponding in the long run to the government ’s spending) in a way that causes as little distortion as possible to the overall economy.,Idiom,Idiom
111,The document is as official as a government treaty,Metaphor,Metaphor
397,Your progress is like wading through mud.,Simile,Simile
250,The wildfire ravaged through the forest at an amazing speed.,Metaphor,Metaphor
643,"And then , the Daily Telegraph discovered ‘ the truth’ : ‘ privatisation of Britain 's water industry … runs against the grain of Mr Delors’ social strategy.’",Idiom,Idiom
95,You laugh like it's not really funny.,Simile,Simile
809,"The air was like a soft, soothing blanket",Simile,Simile
450,watch out!,Idiom,Idiom
623,I didn't like him enough to put up with that shit.,Idiom,Idiom
93,I was at a party with my boyfriend and he ignoring me there made me feel super loved,Sarcasm,Sarcasm
624,I am so glad that my crush decided to turn me down when I asked her out on a date.,Sarcasm,Sarcasm
774,The world had the peace of the planet a decade after the asteroid killed the dinosaurs,Metaphor,Metaphor
661,The setting was like a police interrogation room somewhere deep in the basement.,Simile,Simile
572,The clouds were as fluffy as cotton candy.,Simile,Simile
697,The taste of agony laid thick upon my tongue.,Metaphor,Metaphor
89,"I held my breath, waiting for what my gaze would fall upon, and I almost shrieked as I stared at his head, bald like a lamp post.",Simile,Simile
99,Your input is like an out of control printer.,Simile,Simile
829,I am super excited that my mom's old car came with a bonus feature of a leaky trunk.,Sarcasm,Sarcasm
214,Soulflower Clean Beauty Regime has dropped from its initial price of Rs.,Metaphor,Metaphor
221,"Lord above, woman, don't play dumb with me.",Idiom,Idiom
23,It was indeed my turn to run the gauntlet.,Idiom,Idiom
7,He is grinning like an ape.,Metaphor,Simile
402,Can Desert Orchid the champion bring the house down and win .,Idiom,Idiom
749,DHS continues to issue guidance and sample templates via the CBSM to assist lead agencies in documenting that non-enrolled vendors meet all applicable service standards.,Metaphor,Metaphor
242,My personal feelings color my judgment in this case.,Metaphor,Metaphor
575,You move like you're depressed.,Simile,Simile
166,The world had always been handed to her on a silver platter.,Idiom,Idiom
650,If you know of anyone in the north Minneapolis area whose home suffered structural damage please send the following information to WA Director Nick Jaeger at njaeger@mul.org,Metaphor,Metaphor
751,I love the people who think it's okay to litter on the outside of my lawn everyday.,Sarcasm,Sarcasm
331,"I heard a knock on my door at 2 am in the morning, and was super excited because I didn't know who it was.",Sarcasm,Sarcasm
155,Seeing the old juke box was like a key that opens a door of old memories.,Metaphor,Simile
377,Just take it on the chin and forget about it.,Idiom,Idiom
725,The clouds were like ice-cream castles in the sky.,Simile,Simile
135,After 10 minutes your head becomes like spinning cotton candy.,Simile,Simile
238,"I know you said you didn't get your hands dirty, but I need a getaway driver.",Idiom,Idiom
297,"While they spake , the night  departed  :",Metaphor,Metaphor
211,"""Cross my heart, buddy; I'm telling you the whole truth,"" Melanie swore.",Idiom,Idiom
745,The flowers were as vibrant as a rainbow.,Simile,Simile
447,"I work so hard, and it isn't unfair at all how some of my friends have no idea what 'hard work' really is because they are born into privilege",Sarcasm,Sarcasm
54,I am absolutely elated that my loyal wife of 10 years has been unfaithful to me,Sarcasm,Sarcasm
459,Your hair looks like a sheep dog.,Simile,Simile
587,I feel like I was blessed by the worker who pretended to help me but was actually trying to sabotage my work,Sarcasm,Sarcasm
48,My friends asked if I would tickle the ivory at their wedding reception.,Idiom,Idiom
38,"cherek,"" I replied in a pained tone, 'that path's like a broken-backed snake",Simile,Simile
722,Your presence is like a dark stormy night.,Simile,Simile
380,"The results of allowing boroughs to withdraw would , to say the least , be chaotic .",Idiom,Idiom
819,There's no time like the present right?,Idiom,Idiom
616,"When I got the pizza, I was really satisfied by the lack of toppings",Sarcasm,Sarcasm
20,"With that hairstyle, you look like a privet hedge.",Simile,Simile
115,"Unless you toe the line, you're out.",Idiom,Idiom
480,This is realpolitik run amok.’,Idiom,Idiom
638,I jumped to conclusions that I had no right to jump to.’,Idiom,Idiom
559,I love being broke and absolute relaxed over the fact that I might not have enough money to buy food next month.,Sarcasm,Sarcasm
670,As with most things which appeal to the vagaries of youthful fashion today's hit rapidly becomes old hat.,Idiom,Idiom
353,I absolutely feel no envy when I see people who have a washer and dryer in their home.,Sarcasm,Sarcasm
789,I felt really loved when my sister said some really mean things to me that hurt my feelings,Sarcasm,Sarcasm
193,The sun beat down on us like a relentless hammer.,Simile,Simile
769,There are strange birds like blots against a sky.,Simile,Simile
781,the heavy rain guttered the soil.,Metaphor,Metaphor
506,"Jealous of the applause they  gave  him ,",Metaphor,Metaphor
712,"It could be a long match tomorrow, and he could run out of steam if it goes to five sets.",Idiom,Idiom
453,Your voice is like someone hasn't turned on the microphone.,Simile,Simile
738,English earls were small beer by comparison to the margraves.,Idiom,Idiom
801,She Seized all the men's hearts.,Metaphor,Metaphor
504,I am feeling amazing that my electric bill is twice as high as it was last month.,Sarcasm,Sarcasm
378,I feel extremely proud of myself for succumbing to my cravings and eating an entire ice cream sundae by myself,Sarcasm,Sarcasm
806,Your responses are like you're half asleep.,Simile,Simile
55,Your smile is like a daisy in amongst the sunflowers.,Simile,Simile
628,"Using the break even equation , where x is the number of pairs of trousers to earn a profit of £ 11,040 each month :",Idiom,Idiom
109,The guy's taco looked totally normal until I saw the whipped cream and then I realized he must be some food connoisseur.,Sarcasm,Sarcasm
491,The building is as well constructed as The brick house the wolf could not blow doen,Metaphor,Metaphor
245,Rankings and review the best dating service and meet new friends online dating web site for the leading online.,Metaphor,Metaphor
469,The dog was as quick as a man trying to get to the toilet in time,Metaphor,Metaphor
609,"I wouldn't have believed myself capable of attracting anyone, let alone such a man.",Idiom,Idiom
392,I absolutely adore my sister because she always talks shit about me behind my back,Sarcasm,Sarcasm
233,I was very proud of my sense of judgement when I found out that the person who I admired for their great vision was actually really mean to people,Sarcasm,Sarcasm
520,"But the leitmotiv has been the announcement of disenchanted Citizen Smiths that they intend, in the light of Labour's defeat, to emigrate.",Idiom,Idiom
708,I am very happy for my boss that they can afford to buy a new boat and I don't feel jealous at all.,Sarcasm,Sarcasm
647,I'm pleased to hear that my son doesn't plan on continuing his education after high school,Sarcasm,Sarcasm
278,He is as smart as my doctor,Metaphor,Metaphor
420,But the explicit agreement about telling him the reasons behind his condition didn't take into account the possibility of destroying the entire conception he held about his family.,Idiom,Idiom
237,He absorbed the costs for the accident.,Metaphor,Metaphor
674,You look like a complete mess.,Simile,Simile
171,"I burn the midnight oil, see?",Idiom,Idiom
534,"' Call off the dogs, I have three names for you, and two facts . '",Idiom,Idiom
154,The sprint was graceful as a fat man headed to his favorite all you can eat buffet.,Metaphor,Simile
325,it was as predictable as a sandstorm.,Metaphor,Simile
461,I just love it when people invade my personal space and make me feel uncomfortable,Sarcasm,Sarcasm
433,The wind howled like a pack of wolves.,Simile,Simile
645,My eyes burned up and I could feel my face turning red.,Metaphor,Metaphor
341,You behave like a toddler on acid.,Simile,Simile
315,"Granddad george made an off the cuff remark about meeting grandfather hines, so when we were at home I told him and he said it could happen.",Idiom,Idiom
703,"She was still pushing as hard as she could, but it was as if she were like a woolly mammoth caught in an infinitely deep tar pit.",Simile,Simile
356,Your lips are like ice.,Simile,Simile
225,"One of the common symptom being seen during PHP development is White Screen of Death, a blank screen instead of expected page.",Metaphor,Metaphor
656,My brain is stable after the bottle of champagne.,Metaphor,Metaphor
759,My responsible daughter nearly burnt the house down by forgetting to turn the oven off and I was this close to congratulating her for that.,Sarcasm,Sarcasm
664,"Clouds of every many dimensions bring graphic relief to a clear blue sky as they fan out over Sedona's southern monuments including Bell Rock, and Courthouse Butte.",Metaphor,Metaphor
335,The sudden fame kindled her ego.,Metaphor,Metaphor
83,"We offer advice and recommendations for renting or purchasing a breast pump, which may also be covered by some insurance plans for certain medical reasons.",Metaphor,Metaphor
337,It really makes me happy when the person I live with still doesn't want to pay bills on time,Sarcasm,Sarcasm
517,I was thrilled when I tripped and fell down the stairs in front of a big group of female students,Sarcasm,Sarcasm
533,I asked for your help and you disappeared from radar.,Metaphor,Metaphor
767,I love how my insurance company keeps denying a valid claim and causing the Doctor to send me a bill!,Sarcasm,Sarcasm
666,The conversation was as juicy as a business meeting,Simile,Metaphor
62,The smell coming out of my trash can was so beautiful that I almost threw up,Sarcasm,Sarcasm
470,That lovely driver who cut me off in traffic and then drove slower than me deserves all the accolades,Sarcasm,Sarcasm
717,Your attention span is like that of someone who only hears what they want to hear.,Simile,Simile
324,He shook his head without changing his expression.,Metaphor,Metaphor
545,I feel so responsible and proud about succumbing to my will power and eating McDonalds today when I swore off fast food this month.,Sarcasm,Sarcasm
77,I feel overjoyed that I nodded off at my desk yesterday,Sarcasm,Sarcasm
10,"When he hid, he became an elephant.",Metaphor,Metaphor
362,All they wanted were his - not on your life!,Idiom,Idiom
8,her ideas are as bright as heaven,Metaphor,Metaphor
593,It wasn't as if he didn't already smoke like a chimney.,Idiom,Idiom
177,I have so much self control that I always eat all the ice cream before my kids have a chance to,Sarcasm,Sarcasm
589,I am excited that I will drown when I go swimming,Sarcasm,Sarcasm
164,I was really excited when our electric went out and it was so dark that I couldn't see anything,Sarcasm,Sarcasm
39,"Barefooted, ragged, with neglected hair, she was a thin slip of a girl, like a new moon.",Simile,Simile
788,Mark ’s comments are an acid bath for my nerves.,Metaphor,Metaphor
639,"But alone with Buster, the tension grew worse, and things came to a head the night before the trial",Idiom,Idiom
416,I absolutely adore how customer service reps with attitudes make me feel like crap,Sarcasm,Sarcasm
812,I feel delighted that all my work disappeared when I walked away from the computer for a second,Sarcasm,Sarcasm
44,The groups are as separate as Berlin during the Cold War.,Metaphor,Metaphor
81,VA mortgages are only made available to honorably discharged veterans and active service personnel who have met any of the following term of service requirements:,Metaphor,Metaphor
474,I 've been too close up against it .,Idiom,Idiom
305,Even the cleaning she had done wasn't up to scratch according to the boys who worked alongside her.,Idiom,Idiom
516,The moon shone like a beacon in the darkness.,Simile,Simile
539,You remind me of a goldfish.,Simile,Simile
811,I was delighted to find a dead fly in my jello.,Sarcasm,Sarcasm
527,‘ That spoke volumes for the character as well as quality of our squad — no matter what others might think.’,Idiom,Idiom
709,So glad that I was careless enough to go out with a shirt that had a huge hole in the back yesterday only to be pointed out by a stranger,Sarcasm,Sarcasm
52,That's as consistent as California weather,Metaphor,Metaphor
814,I was elated when I found out that I didn't get approved for my dream car,Sarcasm,Sarcasm
732,The external candidate was suited to the job like Italian gloves.,Metaphor,Metaphor
502,"I really felt like a huge success when I found out my best friend, who is a surgeon, makes six figures a year while I make only half of that.",Sarcasm,Sarcasm
376,Your reaction reminds me of a shocked cat.,Simile,Simile
343,"Man, they would go for the jugular with him dating an older woman.",Idiom,Idiom
332,"I know that woman too well to ever want to lay a finger on her, okay?",Idiom,Idiom
32,"… bloody man is in the fast - lane; comes off at junction 7 for a year or so here, and then he'll be off and away at junction 8, on to his chief's job somewhere else … and look at him!",Idiom,Idiom
174,"The robins are as thick today as flakes of snow were yesterday,",Simile,Simile
375,You are as thin as piece of wafer.,Simile,Simile
621,He has a brain like a sieve.,Metaphor,Simile
427,I was delighted when my laptop got ruined after my toddler spilled water on it.,Sarcasm,Sarcasm
565,I feel great that I am not following my wife's diet instructions and instead am cheating,Sarcasm,Sarcasm
455,You move like an old person who lost their bus pass.,Simile,Simile
551,The snow was as soft as a feather pillow.,Simile,Simile
407,I feel so excited that the torrential rain has been so gracious towards my farm and I will have to start from scratch.,Sarcasm,Sarcasm
358,Your clothes are like a wrinkled sheet of paper.,Simile,Simile
410,He was gripped with a terrible illness that killed him quickly.,Metaphor,Metaphor
741,And could we get your cell phone number to cross check records?,Idiom,Metaphor
526,"But bay was firm yet gentle in her guidance and soon, tuck realized the man was just what the department needed: fresh, young blood.",Idiom,Idiom
365,"He seeks to mold us, to make us pliable, to bend us to his will, so that when we mount the auction block, we will be like a herd of cows.",Simile,Simile
117,But then the property was not given to her; it was given on the face of it to the trustee.,Idiom,Idiom
228,Smart Investments offers an array of services to meet your financial needs.,Metaphor,Metaphor
460,The plastic plate shattered and looked like A half moon,Metaphor,Metaphor
462,I woke up this morning to an excellent surprise of finding my mailbox totally destroyed along wiith the culprit driving away,Sarcasm,Sarcasm
388,Gwendolyn felt like an international woman of mystery who held all the answers to all the questions this loverboy could ask.,Simile,Simile
726,This dress makes you look like a pile of rags.,Simile,Simile
736,It was buried as deep as a bathtub,Metaphor,Metaphor
549,"She turned to colin, you might have to throw your weight around.",Idiom,Idiom
507,"The baby eater of Bromsgrove had recently been sent down for life, caught bang to rights.",Idiom,Idiom
544,The dog was as quick as a jaguar,Metaphor,Metaphor
75,Everything flowed to his glory.,Metaphor,Metaphor
151,Which means that you have plenty of time to cool your heels … and fish.’,Idiom,Idiom
634,"By the same token, the easiest way for a big studio to commit suicide is to sell its library — as MGM has.",Idiom,Idiom
351,Evaluate the coverage in your health insurance plan to determine how much of the costs your insurance will cover and how much you will have to pay.,Metaphor,Metaphor
30,You make me feel like I don’t matter.,Simile,Simile
145,"In a nutshell the approved structure plan seriously underestimated the employment needs of the district, and it allocated only forty six hectare for a fifteen year period.",Idiom,Idiom
448,I feel proud of my parenting because apparently I don't have enough time to participate in my children's school activities and make them feel loved,Sarcasm,Sarcasm
807,The man had the courage of a mouse,Metaphor,Metaphor
761,It's a two-way street.,Idiom,Idiom
714,"Whether it was a choice between the devil and the deep blue sea, I don't care.",Idiom,Idiom
640,"And in annwyl's mind, kil the ones demanding the product and the suppliers will go out of business?",Idiom,Idiom
486,"Hopefully, my characters will stand the test of time.",Idiom,Idiom
102,He was feeling like a lone survivor returning from the battlefield.,Simile,Simile
326,I feel really proud of myself for resorting to cheating by sneaking notes in so I could get a high score in a test for work which I didnt have time to study for,Sarcasm,Sarcasm
281,I love people that invade my personal space and make me feel uncomfortable.,Sarcasm,Sarcasm
185,Did I tell you marie-claire and I are about to tie the knot?,Idiom,Idiom
119,"The trouble is, we don't see eye to eye, or, more correctly, our minds move in different channels.",Idiom,Idiom
718,Your clothes make you appear twice your size.,Simile,Simile
28,"Faced with such a bait and switch of her dramatic, romance-filled dreams, Alice often wondered how her mother even lasted the eleven fractured years.",Idiom,Idiom
60,Just understand what you would like to sell you will find a lot of these things which are constantly hit the market with that you will demand a number of points.,Metaphor,Metaphor
246,"I saw my self esteem bumping up when I found out my best friend, who is a surgeon, makes six figures a year while I make only half that",Sarcasm,Sarcasm
633,The magic was as amazing as a day at Disneyworld,Metaphor,Metaphor
625,Your posture reminds me of a person who is completely overwhelmed.,Simile,Simile
70,The woman moved with the grace of a ballerina,Metaphor,Metaphor
266,You look as tired as a worn out dishcloth.,Simile,Simile
401,"Ironically, my reading assignment for the weekend was gone with the wind.",Idiom,Idiom
599,That movie was as disturbing as puppies,Simile,Metaphor
746,I was overjoyed when I thought I saw an intruder in my room last week,Sarcasm,Sarcasm
510,These goods are as valuable as treasure,Metaphor,Simile
778,I just love the sound of people's voices when they try to make small talk.,Sarcasm,Sarcasm
134,I was very excited when the police officers stopped me the other night while I was just out for a casual walk.,Sarcasm,Sarcasm
560,The river flows like a stream of glass,Simile,Simile
576,"I love how my boyfriend is always talking to other girls whenever we go out, it doesn't make me feel insecure at all",Sarcasm,Sarcasm
472,Exhausted .,Metaphor,Metaphor
519,Lay a responsibility on someone.,Metaphor,Metaphor
771,"And there , on the carpet , the worst thing of all happened to Sally - Anne Tunstall , and there was nothing she could do about it , nothing .",Idiom,Idiom
112,He was anxious like a lion.,Simile,Simile
382,He had as much money as a mansion dweller,Metaphor,Metaphor
18,"Lance deals mostly in coke, but he dabbles in a few other odds and ends, too.",Idiom,Idiom
227,It is absolutely fair how all my friends get to travel to all these amazing places for work and I get to hang out at home,Sarcasm,Sarcasm
540,The Taligent offering is a 32-bit operating environment being built from scratch around a new object model.,Idiom,Idiom
162,The flowers were as delicate as a butterfly.,Simile,Simile
24,We got up way too early to catch a short flight to Paraguay.,Metaphor,Metaphor
94,He was in a black mood.,Metaphor,Metaphor
646,"It was a good performance that got my heart racing, even though I knew the act was like a street bought rolex.",Simile,Simile
425,I take pride in the fact that a handful of people got a little something extra because of us that day.,Idiom,Sarcasm
467,For summer and his pleasures take flight on thee.,Metaphor,Metaphor
558,I am excited about how much it will cost to repair the damage I did to my car yesterday,Sarcasm,Sarcasm
676,I was in good spirits when I lost my job and had to scramble to find a new one.,Sarcasm,Sarcasm
167,I love how my partner nitpicks almost every little thing in our relationship,Sarcasm,Sarcasm
37,"Because you're a smart, pretty woman who I suspect is a lot of fun once you let your hair down.",Idiom,Idiom
181,I am so satisfied with my printer because it doesn't print correctly and I really enjoy defunct devices.,Sarcasm,Sarcasm
693,I tried to tide things over between them.,Metaphor,Idiom
816,Till it  took  the form and features,Metaphor,Metaphor
680,"rub it in, why don't you ,he grumbled.",Idiom,Idiom
606,Got caught stealing office supplies from work and now feel proud,Sarcasm,Sarcasm
354,"This is the challenge for the brewers and their designers — to survive in the long term they must, in certain instances, address this radically broadened target market.",Idiom,Idiom
422,Your input is like a negative review.,Simile,Simile
787,Set Price Drop Alerts to get notified when price drops,Metaphor,Metaphor
479,I am absolutely in love with spiders and the thought of them crawling on me makes me upbeat,Sarcasm,Sarcasm
395,After school the child had the appetitie of a vulture,Metaphor,Metaphor
189,I feel overjoyed that I pigged out on KFC last night and barely felt any guilt,Sarcasm,Sarcasm
584,You look like you're not enjoying yourself.,Simile,Simile
239,I'd kept it safe as houses on all my travelings here.,Idiom,Idiom
694,"' Gone spare, we had, as we'd missed our bus.",Idiom,Idiom
125,"I was so glad that my food arrived and there was a hair in it, making my stomach excited.",Sarcasm,Sarcasm
710,"An engine on the left side of the plane began to run roughshod, blasting out black smoke.",Idiom,Idiom
248,In normal light-in color-it would probably be like a newborn mouse.,Simile,Simile
777,I love how my house got so trashed when I rented it,Sarcasm,Sarcasm
431,I was pleased when my son shouted at me in public,Sarcasm,Sarcasm
348,The sun was as radiant as a golden trophy.,Simile,Simile
443,It's absolutely ridiculous of me to think people should be responsible and take more pride in their work to make the world a better place,Sarcasm,Sarcasm
213,I was so delighted when I got pulled over by the cops in front of my son's school,Sarcasm,Sarcasm
465,Love how rats calm me down and make me feel like I am in heaven.,Sarcasm,Sarcasm
662,"If you give the go ahead on the photos, I'll move on the dorchester.",Idiom,Idiom
658,"Oh , and there 's one more thing you can be sure of , ’ he added sourly .",Metaphor,Idiom
367,I feel overjoyed that I forgot to put up the leftovers last night and it resulted in not having food today,Sarcasm,Sarcasm
269,I was just overjoyed when my son brought home his first failing grade,Sarcasm,Sarcasm
85,Installing the part was as easy as understanding relativity,Metaphor,Metaphor
383,I was thrilled to find out that all my effort for studying last week resulted in a failing grade,Sarcasm,Sarcasm
338,"CA 's proprietary Masterpiece financial software , Generator development tools and CA - DB underlying database technology may also make the move .",Idiom,Idiom
631,Got sneezed on by a complete stranger at the bus stop and it made me feel so clean,Sarcasm,Sarcasm
825,I feel totally turned on by the fact that the gloves that the restaurant staff wore touched my food,Sarcasm,Sarcasm
715,You are acting like a dog in a park.,Simile,Simile
160,The car pummeled the toy.,Metaphor,Metaphor
524,I absolutely adore the fact that I have to work on Sunday and miss all the family time.,Sarcasm,Sarcasm
429,the food was as healthy as a gym membership,Metaphor,Metaphor
153,But a policeman saved the day and told the attendant to forget about the money and let the cars get out.,Idiom,Idiom
626,Last week I experienced great joy when a resonsible and amazing driver drove off the road and smashed through my fence during the night.,Sarcasm,Sarcasm
240,Sandra Fluke asked that her insurance company be required to cover birth control.,Metaphor,Metaphor
770,Really happy about the fact that I bombed my job interview!,Sarcasm,Sarcasm
476,And his wishes  served  to guide him ;,Metaphor,Metaphor
603,The test was as complicated as buttering toast,Metaphor,Metaphor
641,Your words are like limp spaghetti.,Simile,Simile
342,I simply adore how my cell phone bill skyrocketed from last month for no reason!,Sarcasm,Sarcasm
654,The runner has the speed of a turtle,Metaphor,Metaphor
451,You talk like you're unsure.,Simile,Simile
86,His eyes were as deep as an oil well,Metaphor,Metaphor
374,I am pleased because the last thing I need is a headache to make my day worse,Sarcasm,Sarcasm
580,The residents of this village adhered to catholicism.,Metaphor,Metaphor
657,I feel so proud about myself for not being as good as Barack Obama when it comes to public speaking.,Sarcasm,Sarcasm
690,"To ask what's it like to be a warden in d.c., Hunting down the bad guys and bringing them to justice and all that jazz.",Idiom,Idiom
730,The Prime Minister 's hard - nosed stance to further challenges held the line with growls of loyalist support .,Idiom,Idiom
270,The bliss has reached fever pitch as it engulfs me like afternoon sun's rays.,Simile,Simile
463,"Indeed, the only question seemed to be whether he should even bother to make a move, or just let her do everything for him.",Idiom,Idiom
743,"A whirling vortex surrounded her, but within the vortex she was like a buddhist garden.",Simile,Simile
234,My personal feelings sway my judgment in this case.,Metaphor,Metaphor
82,I feel totally pleased that the gloves that the restaurant staff wore touched my food,Sarcasm,Sarcasm
259,Rats make me feel joy and make me grateful for being alive.,Sarcasm,Sarcasm
729,I was jumping for joy when I received 3 rejection letters for different jobs in such a short amount of time.,Sarcasm,Sarcasm
179,"Still , better safe than sorry.’",Idiom,Idiom
122,The roots of the war were in the economical crisis.,Metaphor,Metaphor
9,I was having the most wonderful time of my life when the man who looked homeless was chasing me down the alley.,Sarcasm,Sarcasm
201,Porthleven harbour is frequently hit by storms and sometimes suffers severe damage as a result.,Metaphor,Metaphor
87,"When you confront him about it, he is like a beffudled toddler.",Simile,Simile
47,"£45,000 was the asking price and I was not surprised that the sale , so to speak , hung fire .",Metaphor,Idiom
786,I absolutely love myself for going on a date without only to realize there is no money in my bank account,Sarcasm,Sarcasm
692,This hurts as much as eating chocolate,Metaphor,Metaphor
107,You behave like you haven't eaten in a while.,Simile,Simile
660,I love how I have been trying to quit smoking for years now but its still a work in progress,Sarcasm,Sarcasm
772,I feel really responsible knowing that I devoured so many crab legs knowing that it's not part of my diet,Sarcasm,Sarcasm
473,"He was about sixty, like a big soccer ball .",Simile,Simile
143,I was really glad when TSA made me pull down my pants at the airport yesterday,Sarcasm,Sarcasm
144,"Recently , of course , there has been an added dimension — part media-and-politician inflated , part real : drugs .",Metaphor,Metaphor
762,"A BUSKER who stole 32 credit cards from the son of crooked Robert Maxwell is on the run from police, a court heard yesterday.",Idiom,Idiom
309,"If you want to gossip, sling your hook and drink somewhere else.",Idiom,Idiom
434,I love being bald and honestly feel fortunate to lose all my hair,Sarcasm,Sarcasm
158,"meredith,"" he said, and he sounded like an elderly relative who just heard you say ""fuck"" for the first time.",Simile,Simile
51,The war devoured so many lives.,Metaphor,Metaphor
803,Your voice sounds like a screaming cat.,Simile,Simile
29,"God, I'm beautiful even with all these freaks still clambering over my back, stitching me up with all that snake-like twine theyd used in my operation, I look like a vogue model.",Simile,Simile
200,The government digested the entire law into a code.,Metaphor,Metaphor
514,"He felt like a boxer who had been pummelled mercilessly against the ropes , on the verge of defeat , only to see his opponent 's corner throw in the towel .",Idiom,Idiom
133,"And while they were biding their time over a game of backgammon down in the café, William used to wander through the silent, cluttered rooms where their investment languished, gathering dust.",Idiom,Idiom
121,He fought as hard as an opossum,Simile,Metaphor
579,"Or is it women who are calling the shots — weary of living up to men 's fantasies , preferring instead to watch actresses they can identify with , both physically and emotionally ?",Idiom,Idiom
292,You 'll change your tune and be expectin me to stay over nights or watch the kid during the day so you can get your beauty sleep.,Idiom,Idiom
577,I swear I love how my pet bird makes noises and create such a ruckus that it makes my eardrums bleed.,Sarcasm,Sarcasm
673,I just love the feeling of something creeping up on me in the middle of the night.,Sarcasm,Sarcasm
92,"I was gone for only a few days and my adult son just let the sink fill up with dirty dishes, making me feel proud",Sarcasm,Sarcasm
349,She is as flexible as a stick,Metaphor,Metaphor
116,The illness had the seriousness of A king with the bubonic plague,Metaphor,Metaphor
452,I was extremely happy to find out that all my studying for the annual exam did not reflect in my grade.,Sarcasm,Sarcasm
168,I feel elated that I dozed off during my date last night.,Sarcasm,Sarcasm
22,Isn't there any way for you to get in touch with him?,Idiom,Idiom
184,I am very pleased that all my cucumber plants died due to their roots being flooded by the generous torrential rains.,Sarcasm,Sarcasm
611,His voice deepened .,Metaphor,Metaphor
449,Your input is like a sledgehammer.,Simile,Simile
605,By Thursday a run on money market funds was in full swing and we came as close to a meltdown as at any time since the 1930s.,Idiom,Idiom
195,every star seemed to flare with new intensity.,Metaphor,Metaphor
441,Your presence is like that of a wasp.,Simile,Simile
76,This test is a bear,Metaphor,Metaphor
364,But among political scientists and businesspeople the countryâs name has long suffered worst damage than this.,Metaphor,Metaphor
483,The city streets were as chaotic as a jungle.,Simile,Simile
393,I love it when people blast their music during the week at 3am and disrupt my sleep,Sarcasm,Sarcasm
256,I absolutely love my sister because she always talks shit about me behind my back,Sarcasm,Sarcasm
414,From its blue vase the rose of evening drops.,Metaphor,Metaphor
339,"It wasn't glib or run of the mill ,it didn't go in one ear and out the other.",Idiom,Idiom
203,We had arrived from Harehills on the up and up with the booming coal industry.,Idiom,Idiom
275,Your smile is like an act.,Simile,Simile
523,Your attitude is like a warrior.,Simile,Simile
43,Your voice sounds like it's going to give up soon.,Simile,Simile
424,"It came like a swamp cat, with its ears raised and its eyes opened wide.",Simile,Simile
659,Your responses are like you are being personally attacked.,Simile,Simile
737,My lovely mother in law is always butting into my personal life and it makes me so happy,Sarcasm,Sarcasm
437,the car ran as well as rusted can opener,Metaphor,Metaphor
61,"No.1 Mumbai Escorts is the worlds oldest and most established exclusive matchmaking service where successful men meet exceptionally beautiful and intelligent Mumbai Escorts and actresses in a relaxing, discreet and confidential manner.",Metaphor,Metaphor
280,It makes me feel amazing when I think about the fact that my wonderful co-worker who barely does anything is making more money than I do.,Sarcasm,Sarcasm
69,He looked about as inconspicuous as a tarantula on a slice of angel food.,Simile,Simile
768,De Gaulle was little interested in AFPs’ He considered it normal that he who pays the piper calls the tune: ‘ qui paie commande’.,Idiom,
19,I wasn't jealous at all when my co-worker kept getting top spot even though I knew he was cheating.,Sarcasm,Sarcasm
601,Your posture reminds me of a weary marathon runner.,Simile,Simile
409,I was having difficulties with the underline of the hover state being cut off by the flash doc.,Metaphor,Metaphor
423,She was waiting for me to talk about my past and I figured there was no time like the present.,Idiom,Idiom
97,The city was as noisy as a roaring lion.,Simile,Simile
187,But today she walked free from the High Court in Edinburgh after being given community service.,Idiom,Idiom
79,So were back to square one.,Idiom,Idiom
149,You're just not up to snuff.,Idiom,Idiom
243,"My friend never showed up to drive me to the airport and as a result of his thoughtfulness, I missed my flight",Sarcasm,Sarcasm
244,The wind was as haunting as a ghost's whisper.,Simile,Simile
727,My personal feelings shadowed my judgment in this case.,Metaphor,Metaphor
293,Yona really put it in a nutshell when she said I think er er you know behind closed doors the women worrying about what was gon na happen next you know they felt very frustrated and in a way it was a way to channel o our energies away,Idiom,Idiom
828,"Come on , stop playing silly buggers , you 're putting the wind right up me.’",Idiom,Idiom
436,It was as easy as herding cats into a swimming pool,Metaphor,Simile
345,"I guess we 'll have to go back to the drawing board,Martha said",Idiom,Idiom
493,I got so thrilled when I stepped in gum someone spit on the side walk,Sarcasm,Sarcasm
74,That is why it is so important to remain like a planted oak,Simile,Simile
428,The weather had stayed cold and dreary for the entire week; our indian summer was now just a memory.,Idiom,Idiom
505,"Even though I'm not one to go out, some days you wish you didn't have someone dependent on you and could just go out and about.",Idiom,Idiom
701,Each blade of grass was a bayonet pointed firmly at our bare feet.,Metaphor,Metaphor
108,Your room is like a DIY project.,Simile,Simile
438,My wonderful brother wouldn't stop following me around and I was this close to gifting him with a punch.,Sarcasm,Sarcasm
178,I was really looking forward to getting a large bonus at work today and instead was pleasantly surprised to receive next to nothing!,Sarcasm,Sarcasm
173,"Annwyl followed, making absolutely no sound, like a deer bounding through the trees.",Simile,Simile
191,They 'd take the mickey out of him at school for that .,Idiom,Idiom
105,The bottle rolled off the table like a teardrop.,Simile,Simile
568,it dawned on him that she had betrayed him,Metaphor,Metaphor
336,IN THE LONG RUN IT'S MORE COMFORTABLE.,Idiom,Idiom
322,Free penpals service for Lethbridge people meet at aPenpals.com.,Metaphor,Metaphor
285,You drive like you're in a horse and cart.,Simile,Simile
496,How wonderful of my son to steal $600 from me!,Sarcasm,Sarcasm
776,She had to tend to her job and her children.,Metaphor,Metaphor
683,"As a housewife and knitting club member , she ‘ took the plunge’ and opened Woolwork nearly ten years ago and Meryl reckons the success of the shop is due to Lena 's attitude of giving the same smiling service whether the customer wants a cone of yarn or the latest machine .",Idiom,Idiom
821,Absolutely adore my coworker who loves to talk to me about stuff that I couldn't care less about,Sarcasm,Sarcasm
261,All fire-flush 'd when forest trees smoldered.,Metaphor,Metaphor
208,I was excited out of my mind that my travel to the region would be interrupted because of the high level travel alert.,Sarcasm,Sarcasm
716,You are acting like you are carrying weights on your back.,Simile,Simile
207,And it goes without saying that Wild is a Lisztian of the finest order.,Idiom,Idiom
552,I found a beautiful surprise in my bathroom in the form of a spider and sprinted out of there faster than Usain Bolt!,Sarcasm,Sarcasm
755,"he 's been able to get round it really , it might well be above board , but the police have been looking into it",Idiom,Idiom
264,I feel delighted about the decision of wanting to have a child might given how our situation is financially,Sarcasm,Sarcasm
619,My dog destroyed more than a few pieces of furniture while I was at work and I am excited to shell out more money to replace them all,Sarcasm,Sarcasm
696,Which horse are you backing?,Metaphor,Metaphor
802,I absolutely love the fact that my kids are so disobedient every night and refuse to go to bed.,Sarcasm,Sarcasm
513,Harmless  fell  the blows he dealt it.,Metaphor,Metaphor
721,The river is flowing like a rocket.,Metaphor,Simile
791,You're as affectionate as a crocodile,Simile,Metaphor
360,You behave like you're starved.,Simile,Simile
655,I feel so happy that I am not as good as Barack Obama when it comes to public speaking.,Sarcasm,Sarcasm
573,I bought excellent quality headphone cords with a special feature where they are so tiny that they don't reach your ears.,Sarcasm,Sarcasm
824,"The landlord made so many promises but never followed through with any of them, which totally makes me feel satisfied",Sarcasm,Sarcasm
823,The scream covered the night.,Metaphor,Metaphor
389,So blessed my new Toyota Camry got hit by this awesome guy. It really gave my car some personality.,Sarcasm,Sarcasm
671,I absolutely love how customer service reps with attitudes make me feel like crap,Sarcasm,Sarcasm
5,Your clothes make people laugh.,Simile,Simile
627,The sun set behind the mountains like a ball of fire.,Simile,Simile
190,From the moment he'd crawled out of bed earlier that morning he knew the day was going to throw a curve ball.,Idiom,Idiom
653,he absorbed the costs for the accident.,Metaphor,Metaphor
528,her face glowed when she came out of the sauna,Metaphor,Metaphor
511,"Does it dry up like a raisin in the sun? Or fester like a soreâ” And then run? Does it stink like rotten meat? Or crust and sugar over like a syrupy sweet?""",Simile,Simile
458,I am glad that I am not skinny like a model and have to worry about my weight all the time.,Sarcasm,Sarcasm
435,"Could not  breed  ill-will between them ,",Metaphor,Metaphor
554,Please contact us about any of our services or to meet with one of our funeral service professionals.,Metaphor,Metaphor
817,I saw my lovely neighbor pick his nose and then put it in his mouth.,Sarcasm,Sarcasm
757,The tournaments are very popular events and the organisation behind the scenes is always excellent.,Idiom,Idiom
126,He's like a pig in a wallow.,Simile,Simile
373,The fact that my mother didn't cook her chicken all the way through at dinner makes me feel like I'm eating at a 5-star restaurant,Sarcasm,Sarcasm
163,Every person has bitter memories.,Metaphor,Metaphor
752,"He took the bull by the horns at the end of last season, slashing the club's wage bill by switching from expensive full - time players to part - timers, with dramatic results.",Idiom,Idiom
346,They'd make money hand over fist.,Idiom,Idiom
41,I feel so pleased that the cable company never showed up even after waiting for 5 hours,Sarcasm,Sarcasm
663,I was thrilled when my dog destroyed the model airplane I had been building for weeks,Sarcasm,Sarcasm
344,You behave like you are running out of time.,Simile,Simile
159,"Good, ill see you two bright and early tomorrow.",Idiom,Idiom
610,The makeup matched the woman's skin tone like Ice cream on pizza,Metaphor,Metaphor
635,His imagination is the world of humans.,Metaphor,Metaphor
617,It makes me so proud that there are employees in the workplace who can't pull their own weight,Sarcasm,Sarcasm
509,In the middle of the argument my lovely wife gave me a wonderful gift by screaming that I am not the father of my son.,Sarcasm,Sarcasm
212,"While most car insurance policies will only cover (your injuries/bodily harm) if an accident is not your fault, Flux Direct Personal Protection Cover offers up to Â£20,000 cover, regardless of who is to blame.",Metaphor,Metaphor
294,I was so excited about the job interview because I felt like I didn't have any answers to their questions.,Sarcasm,Sarcasm
318,our new synthetic fabric breathes and is perfect for summer wear,Metaphor,Metaphor
756,Harmless  fell  the blows he dealt it,Metaphor,Metaphor
303,"Compared to their competitors' tech, this prototype looks like it has come from 4021",Metaphor,Metaphor
352,"Every day, I had done nothing but walk on eggshells around him, but not anymore.",Idiom,Idiom
500,The tears cut both ways.,Idiom,Idiom
90,We warmly advise to take out insurance to cover eventual medical expenses or loss of luggage.,Metaphor,Metaphor
760,"Then my troubled heart is  brightened  ,",Metaphor,Metaphor
216,You are as hungry as an obese guy who hasn't eaten for weeks.,Simile,Simile
347,You have the face of a thundery day.,Simile,Simile
753,"So impassive and peculiar had the Collector become , so obviously on the verge , everyone thought so ( you would have thought so yourself if you had seen him at this time ) , of giving up the ghost , that his face was scrutinized more closely than ever for any trace of remorse as the gorse bruiser was carried out .",Idiom,Idiom
688,The city was as dynamic as a living organism.,Simile,Simile
484,"On the landing outside, Kathleen Lavender turned the corner of her apron anxiously between her hands.",Idiom,Idiom
80,They were successful and at the end of the day the price of gold dropped to $1200.,Metaphor,Idiom
215,You drive like you've just escaped from prison.,Simile,Simile
704,The diss track was an execution.,Metaphor,Metaphor
620,I was overjoyed when someone backed into my new SUV while driving through the parking lot the other day and,Sarcasm,Sarcasm
138,I am completely excited that I have been diagnosed with HIV,Sarcasm,Sarcasm
137,Like a funeral procession.,Simile,Simile
302,middle age dulled her appetite for travel,Metaphor,Metaphor
406,You remind me of a train wreck.,Simile,Simile
17,The city was as charming as a romantic movie.,Simile,Simile
795,I just love that the internet is always failing and I feel great because of it.,Sarcasm,Sarcasm
251,"For their part, consumes should take reasonable care when making purchases; where there is small print it should be read carefully or, if it seems complex and the purchase involves a large sum of money, professional advice may be required.",Idiom,Idiom
780,The judge is as honest as Pinocchio,Simile,Metaphor
50,The rule of thumb for working out Maximum Heart Rate ( MHR ) is 225 minus your age in years .,Idiom,Idiom
512,"This normativist concern came to a head with the publication in 1929 by Lord Hewart , the Lord Chief Justice , of a book entitled The New Despotism .",Idiom,Idiom
535,"And by this stage in this commentary , he wrote , there is no need to qualify the words success , triumph , and the rest , qualifications can be taken as read .",Idiom,Idiom
672,You make me feel like a plant which has been watered with vinegar.,Simile,Simile
442,The sun was as golden as a treasure.,Simile,Simile
232,Smoke rising from erupting pyrotechnics was like a london fog.,Simile,Simile
1,The man has the build of a third-grader,Metaphor,Metaphor
172,I feel proud that all my hard work didn't pay off in the form of a promotion,Sarcasm,Sarcasm
148,Your attention span is like a flash on a circuit.,Simile,Simile
569,It 's all water under the bridge ; you do n't want to hear it — I 'm sorry if you feel I 've been unfair to you .,Idiom,Idiom
779,"I wanted her to participate in the creation, authenticating it by give and take.",Idiom,Idiom
689,Wider participation and product innovation driving equity release growth â ERC,Metaphor,Metaphor
271,I was at the airport and was thrilled when I saw how somebody jumped the queue and cut in front of me,Sarcasm,Sarcasm
161,Your clothes make me want to go to a 70s disco night.,Simile,Simile
265,I accidentally stepped on a dead rat while walking home from work and it made me feel just amazing.,Sarcasm,Sarcasm
728,It fills me with so much joy when my boyfriend ONLY plays video games all day and never hangs out with me.,Sarcasm,Sarcasm
720,"That complicated matters greatly, but it didn't mean he was ready to throw in the towel.",Idiom,Idiom
561,I can't help but feel pleased when I see everyone in my neighborhood driving a nicer car than me,Sarcasm,Sarcasm
12,"Well, that went over like a lead balloon.",Simile,Simile
489,"My boyfriend cheated on me while I was away visiting family, meaning he clearly is in love with me.",Sarcasm,Sarcasm
101,Your arms are like a determined police officer directing traffic.,Simile,Simile
124,Your voice sounds like a powerful storm blowing through the concert hall.,Simile,Simile
104,The former thief takes on one last heist and finds herself matching wits with a jack of all trades.,Idiom,Idiom
498,"If she didn't find some way to block out the cocky evil cat, she'd go spare.",Idiom,Idiom
547,Slowly his sense and strength grew.,Metaphor,Metaphor
793,You may petition the president of the united states to allow you to run the gauntlet of the nations disapproval.,Idiom,Idiom
548,But Laura was a piranha; she'd have chewed him down to the bone if he had let her.,Idiom,Idiom
31,Your eyes are like empty voids.,Simile,Simile
668,I wandered lonely as a cloud that floats on high o'er vales and hills.,Simile,Simile
274,Your lips are like a pale white sheet.,Simile,Simile
724,she is as embarrassed as a kid that got an A,Metaphor,Metaphor
497,"I wanted to tell her to take a powder, that no guy that treats a woman like that is worth it, but I minded my own business.",Idiom,Idiom
642,I was thrilled when I received a letter from the IRS saying I owed taxes from 3 years ago.,Sarcasm,Sarcasm
263,Her love was a rotting apple,Metaphor,Metaphor
665,"Barb leaves, you cant deal with it, so you vent your spleen at her and the company she works for.",Idiom,Idiom
300,I feel happy that I am not following my wife's diet instructions and instead am cheating,Sarcasm,Sarcasm
306,Flora pulled a face.,Idiom,Idiom
224,This dress makes you look like you're having a duvet day.,Simile,Simile
66,I adore it when people blast their music during the week at 3am and disrupt my sleep,Sarcasm,Sarcasm
532,he absorbed the knowledge or beliefs of his tribe.,Metaphor,Metaphor
241,John is a mighty moose.,Metaphor,Metaphor
40,Your voice is like you've just run a marathon.,Simile,Simile
175,She sees red and kills him with a very convenient weapon .,Idiom,Idiom
202,i attacked the problem as soon as i got out of bed,Metaphor,Metaphor
327,I feel so loved when my coworkers all get together and exclude me.,Sarcasm,Sarcasm
235,Your face is like a puddle of mud.,Simile,Simile
538,You were mine — I knew that as soon as I set eyes on you.,Idiom,Idiom
176,Your input is like a foghorn.,Simile,Simile
537,And I can tell from the look on your face that you give as good as you get and you can steer her in the right direction.,Idiom,Idiom
521,She was like a pure white lily .,Simile,Simile
170,The fact that other fans recognise his behaviour as deplorable and ‘ beyond the pale’ is seen as proof that most fans have a tacit knowledge of the rules of disorder .,Idiom,Idiom
430,"Only  made  the fire burn brighter ,",Metaphor,Metaphor
748,The move was part of a radical ministerial reshuffle by John Major designed to bring new blood to the Government after the Conservative election victory.,Idiom,Metaphor
636,I work in IT and not a computer technician so I love it when people rant to me about their computer issues for hours on end,Sarcasm,Sarcasm
363,But then the paper would get wind of your bigamist marriage.,Idiom,Idiom
830,I am proud to admit that I ate all the pizza rolls in the bag last night,Sarcasm,Sarcasm
169,"When it gets right down to the nuts and bolts of it, I'm flat-out lazy.",Idiom,Idiom
252,"I also hope that we will find out new and exciting areas for innovation potential that will drive new research and business opportunities, as well as job growth in the sector.",Metaphor,Metaphor
231,Your comments are like having a fever in the middle of a heatwave.,Simile,Simile
707,"Monetarists also recognize that the demand for money can shift unpredictably in the short run with changing expectations of prices , interest rates and exchange rates .",Idiom,Idiom
272,"By the same token, new knowledge may be of little relevance to someone innovating a social instrument to satisfy a need that changing demographics or tax laws have created.",Idiom,Idiom
629,Each pet sitting home visit booking made through Pawshake is also covered by our premium insurance and 24-hour customer support team for pet parents and pet sitters.,Metaphor,Metaphor
522,"I always feel cool, calm and collected when I am waiting in line for a flight and it's close to take off time.",Sarcasm,Sarcasm
16,Your words are like a child's.,Simile,Simile
381,I love how my ex-boyfriend is incapable of moving on and finding someone new,Sarcasm,Sarcasm
808,He knew that metcalfe was one of the white hats.,Idiom,Idiom
543,The instrument was as easy to learn as astrophysics,Simile,Metaphor
818,I am very proud of myself because I don't have enough money to pay my important bill.,Sarcasm,Sarcasm
421,It would have been inaccurate to describe Zoe as being away with the fairies.,Idiom,Idiom
59,I was so excited to eat my takeout last night and then I got home to find the beautiful surprise that half my food was missing.,Sarcasm,Sarcasm
100,"Streaks of electricity cackled through the air, swirling around and around like Lovecraftian tentacles.",Simile,Simile
